{"cameraMode":{"drawMode":0,"name":"Shaded","section":"Shading Mode"},"sceneLighting":false,"audioPlay":false,"sceneViewState":{"m_AlwaysRefresh":false,"showFog":true,"showSkybox":false,"showFlares":true,"showImageEffects":true,"showParticleSystems":true,"showVisualEffectGraphs":true,"m_FxEnabled":true},"in2DMode":false,"pivot":{"x":0.5862905979156494,"y":-0.2844332158565521,"z":-0.07637959718704224},"rotation":{"x":-0.05849341303110123,"y":-0.8856876492500305,"z":0.11624276638031006,"w":-0.44567814469337466},"size":0.7071067690849304,"orthographic":false}