{"cameraMode":{"drawMode":0,"name":"Shaded","section":"Shading Mode"},"sceneLighting":true,"audioPlay":false,"sceneViewState":{"m_AlwaysRefresh":false,"showFog":true,"showSkybox":true,"showFlares":true,"showImageEffects":true,"showParticleSystems":true,"showVisualEffectGraphs":true,"m_FxEnabled":true},"in2DMode":false,"pivot":{"x":-396.63153076171877,"y":461.7702331542969,"z":-638.0211181640625},"rotation":{"x":-0.23846857249736787,"y":-0.36918628215789797,"z":0.09860576689243317,"w":-0.8928285837173462},"size":0.8473691344261169,"orthographic":false}