{"cameraMode":{"drawMode":0,"name":"Shaded","section":"Shading Mode"},"sceneLighting":true,"audioPlay":false,"sceneViewState":{"m_AlwaysRefresh":false,"showFog":true,"showSkybox":true,"showFlares":true,"showImageEffects":true,"showParticleSystems":true,"showVisualEffectGraphs":true,"m_FxEnabled":true},"in2DMode":false,"pivot":{"x":1525.6256103515625,"y":642.3455810546875,"z":187.7387237548828},"rotation":{"x":-0.07368222624063492,"y":0.15789997577667237,"z":0.011823254637420178,"w":0.9846828579902649},"size":201.5564422607422,"orthographic":false}