{"cameraMode":{"drawMode":0,"name":"Shaded","section":"Shading Mode"},"sceneLighting":false,"audioPlay":false,"sceneViewState":{"m_AlwaysRefresh":false,"showFog":true,"showSkybox":true,"showFlares":true,"showImageEffects":true,"showParticleSystems":true,"showVisualEffectGraphs":true,"m_FxEnabled":true},"in2DMode":false,"pivot":{"x":-0.38288331031799319,"y":2.224945545196533,"z":0.4999072551727295},"rotation":{"x":0.07407503575086594,"y":0.26018455624580386,"z":-0.020037900656461717,"w":0.9625429511070252},"size":1.0449447631835938,"orthographic":false}