{"cameraMode":{"drawMode":0,"name":"Shaded","section":"Shading Mode"},"sceneLighting":false,"audioPlay":false,"sceneViewState":{"m_AlwaysRefresh":false,"showFog":true,"showSkybox":true,"showFlares":true,"showImageEffects":true,"showParticleSystems":true,"showVisualEffectGraphs":true,"m_FxEnabled":true},"in2DMode":false,"pivot":{"x":-0.908410906791687,"y":2.5622706413269045,"z":0.7412656545639038},"rotation":{"x":-0.004159353207796812,"y":0.12418348342180252,"z":0.0005065946606919169,"w":0.9922870397567749},"size":1.0449447631835938,"orthographic":false}